hidden_size,num_layers,learning_rate,batch_size,dropout_rate,gpath,tangles,amyloid,niareagansc
32,3,0.01,32,0.2,0.2074786757417173,0.11393341115111089,0.22043357505361305,0.2775461058253297
