hidden_size,num_layers,learning_rate,batch_size,dropout_rate,gpath,tangles,amyloid,niareagansc
32,3,0.01,32,0.2,0.26927103863230073,0.20578475532745139,0.31594782465722754,0.30770301145218837
