hidden_size,num_layers,learning_rate,batch_size,dropout_rate,gpath,tangles,amyloid,niareagansc
32,4,0.005,32,0.0,0.16760398910183333,0.20529586709768194,0.29320456392464184,0.27735258328724555
