hidden_size,num_layers,learning_rate,batch_size,dropout_rate,gpath,tangles,amyloid,niareagansc
32,4,0.005,32,0.0,0.2926532674458315,0.21278664285655058,0.3963194154888201,0.32318312879042443
